distance_km,python_pressure_psi,matlab_pressure_psi,absolute_error_psi,relative_error
0.1,279.5420951890261,279.54,0.0020951890260789696,7.495131380406988e-06
0.2,236.6399796838495,236.65,0.01002031615050214,4.234234587154929e-05
0.3,211.57555674296287,211.59,0.014443257037129342,6.826058432406702e-05
0.4,193.82540597729272,193.85,0.02459402270727651,0.00012687140937465313
0.5,180.09124248754028,180.12,0.028757512459719692,0.00015965751976304514
0.6,168.90354692893575,168.93,0.02645307106425321,0.0001565919082711964
0.7,159.4780550043659,159.5,0.021944995634100906,0.0001375861795241436
0.7999999999999999,151.34625983011392,151.37,0.023740169886082185,0.00015683536953215422
0.8999999999999999,144.20560779491927,144.23,0.024392205080715712,0.00016912019053397847
0.9999999999999999,137.8491794074943,137.87,0.02082059250571433,0.0001510161202996615
1.0999999999999999,132.12907214268017,132.15,0.020927857319833265,0.00015836441407365316
1.2,126.93579018815262,126.96,0.024209811847370588,0.00019068849911287484
1.3,122.18591783916453,122.21,0.02408216083546222,0.0001970555669377483
1.4,117.81437865139799,117.83,0.015621348602010698,0.00013257530851235424
1.5,113.76937534450683,113.79,0.02062465549317949,0.00018125191574988565
1.5999999999999999,110.00896891541484,110.02,0.011031084585155781,0.00010026435725464263
1.7,106.49869868199349,106.51,0.01130131800651668,0.00010610569905658324
1.8,103.20988496709609,103.22,0.01011503290391147,9.799489346940001e-05
1.9,100.11839206645388,100.13,0.011607933546116556,0.00011592862824444778
2.0,97.20370918429397,97.212,0.008290815706033072,8.528592875399202e-05
2.0999999999999996,94.4482557655063,94.455,0.006744234493694989,7.140156152342374e-05
2.1999999999999997,91.8368482292095,91.842,0.005151770790504884,5.6093843671793776e-05
2.3,89.3562847945095,89.36,0.003715205490493645,4.1575710502390836e-05
2.4,86.99501806049147,86.997,0.001981939508524988,2.2781699466935504e-05
2.5,84.74289372755744,84.744,0.001106272442555678,1.3054286351313108e-05
2.6,82.59093982560138,82.591,6.017439861238927e-05,7.285830007190768e-07
2.6999999999999997,80.53119497958578,80.53,0.0011949795857759682,1.483893686546589e-05
2.8,78.5565671889078,78.555,0.0015671889077992773,1.9950212052692727e-05
2.9,76.66071670928594,76.658,0.002716709285934371,3.543934469897951e-05
3.0,74.83795815990716,74.835,0.0029581599071661913,3.952909610698459e-05
3.0999999999999996,73.08317810584637,73.079,0.004178105846378344,5.717245510171655e-05
3.1999999999999997,71.3917652034118,71.387,0.004765203411793095,6.675169725290453e-05
3.3,69.75955062514711,69.754,0.00555062514710869,7.95742917554361e-05
3.4,68.18275695847838,68.177,0.005756958478372098,8.444135820543729e-05
3.5,66.65795413762768,66.652,0.005954137627682599,8.933171739306545e-05
3.5999999999999996,65.18202125115945,65.176,0.006021251159452845,9.238448446441704e-05
3.6999999999999997,63.7521132881279,63.746,0.006113288127899352,9.59007330326507e-05
3.8,62.3656320593524,62.359,0.006632059352398301,0.0001063528817395773
3.9,61.02020066795732,61.014,0.006200667957315886,0.00010162697015956807
3.9999999999999996,59.71364101319097,59.707,0.006641013190971989,0.00011122671028475706
4.1,58.44395389983368,58.437,0.006953899833682442,0.00011899823457197396
4.199999999999999,57.209301396857,57.203,0.006301396856997599,0.00011015850317286852
4.299999999999999,56.007991146946466,56.002,0.0059911469464637435,0.00010698094615306137
4.3999999999999995,54.83846237577619,54.832,0.006462375776187912,0.00011785774321906755
4.499999999999999,53.69927338864807,53.693,0.006273388648075695,0.00011683811014612139
4.6,52.589090373951,52.583,0.006090373951003869,0.00011582401063088583
4.699999999999999,51.50667735917719,51.501,0.005677359177191477,0.00011023784348248532
4.799999999999999,50.45088718700698,50.445,0.005887187006976546,0.00011670506506049254
4.8999999999999995,49.42065339709051,49.415,0.005653397090512158,0.00011440649783491163
4.999999999999999,48.4149829142921,48.41,0.004982914292106955,0.00010293150778985654
5.1,47.432949456872905,47.428,0.004949456872907376,0.00010435727572124856
5.199999999999999,46.47368758881671,46.469,0.004687588816707944,0.00010087561205767165
5.299999999999999,45.5363873496071,45.532,0.004387349607100077,9.635749817930418e-05
5.3999999999999995,44.62028940253655,44.616,0.004289402536549858,9.614045491639452e-05
5.499999999999999,43.7246806493028,43.72,0.004680649302798656,0.00010705968213171675
5.599999999999999,42.848890264410954,42.845,0.003890264410955524,9.079856251500815e-05
5.699999999999999,41.99228610790854,41.989,0.0032861079085435563,7.826116145999087e-05
5.799999999999999,41.15427147935487,41.151,0.003271479354864937,7.949938895445886e-05
5.8999999999999995,40.334282179764806,40.331,0.0032821797648026063,8.138106580056548e-05
5.999999999999999,39.53178385165342,39.529,0.0027838516534188784,7.042555221277741e-05
6.099999999999999,38.74626957030752,38.743,0.0032695703075162896,8.439125280737913e-05
6.199999999999999,37.97725766207048,37.975,0.00225766207047684,5.945127242861988e-05
6.299999999999999,37.22428972780612,37.222,0.0022897278061222437,6.151544264473278e-05
6.3999999999999995,36.48692885182561,36.485,0.0019288518256104226,5.2866981653019666e-05
6.499999999999999,35.764757978465134,35.763,0.0017579784651360342,4.9156347765456875e-05
6.599999999999999,35.05737844020799,35.056,0.001378440207993492,3.932109219515895e-05
6.699999999999999,34.3644086227793,34.363,0.0014086227793015382,4.0992427299756664e-05
6.799999999999999,33.68548275402428,33.684,0.0014827540242805526,4.4019535217924023e-05
6.8999999999999995,33.02024980462793,33.019,0.0012498046279318942,3.7851074470210916e-05
6.999999999999999,32.368372489859965,32.367,0.0013724898599676294,4.240398739356843e-05
7.099999999999999,31.729526362547325,31.729,0.0005263625473261868,1.658932041117548e-05
7.199999999999999,31.1033989883987,31.103,0.0003989883986967868,1.2827971536404424e-05
7.299999999999999,30.489689195640967,30.489,0.0006891956409660338,2.2604730918233913e-05
7.3999999999999995,29.888106391685618,29.888,0.0001063916856161029,3.559678988761473e-06
7.499999999999999,29.298369940230938,29.298,0.00036994023093939177,1.2626808346624062e-05
7.599999999999999,28.720208592831526,28.72,0.0002085928315267438,7.262981599120606e-06
7.699999999999999,28.153359969534776,28.153,0.00035996953477734905,1.278618743215107e-05
7.799999999999999,27.59757008370097,27.598,0.0004299162990299976,1.5577806327632352e-05
7.899999999999999,27.052592906594178,27.053,0.0004070934058226783,1.504799489234755e-05
7.999999999999999,26.518189967758847,26.518,0.00018996775884616568,7.163728744481698e-06
8.1,25.994129987587,25.994,0.0001299875870017786,5.00067657927901e-06
8.2,25.480188538834977,25.481,0.0008114611650249515,3.184573466602376e-05
8.299999999999999,24.97614773417088,24.977,0.0008522658291205687,3.4122025428216705e-05
8.399999999999999,24.481795937127902,24.482,0.00020406287209695506,8.335220655867783e-06
8.499999999999998,23.99692749410371,23.998,0.001072505896292597,4.469146996802221e-05
8.6,23.521342485289086,23.522,0.0006575147109124657,2.7953180465626466e-05
8.7,23.054846492627924,23.056,0.0011535073720772004,5.003068060709578e-05
8.799999999999999,22.59725038310896,22.598,0.0007496168910385848,3.317182454370231e-05
8.899999999999999,22.14837010587086,22.149,0.0006298941291404958,2.843894212562625e-05
8.999999999999998,21.708026501763776,21.709,0.0009734982362239464,4.4843071363210945e-05
9.1,21.27604512415771,21.277,0.0009548758422894821,4.487831189967956e-05
9.2,20.85225606992121,20.853,0.000743930078790811,3.56749666134758e-05
9.299999999999999,20.436493819611815,20.438,0.001506180388183509,7.369509678948572e-05
9.399999999999999,20.028597086027865,20.03,0.0014029139721358774,7.004063765031838e-05
9.499999999999998,19.62840867036677,19.63,0.0015913296332286109,8.106620648133524e-05
9.6,19.23577532532146,19.237,0.0012246746785393725,6.366245664809339e-05
9.7,18.850547624522456,18.852,0.0014523754775446207,7.704092284874924e-05
9.799999999999999,18.47257983780311,18.474,0.001420162196890118,7.687356267674125e-05
9.899999999999999,18.101729811825347,18.103,0.0012701881746544075,7.016451276884534e-05
9.999999999999998,17.73785885565791,17.739,0.0011411443420890066,6.432968837527518e-05
10.1,17.38083163094709,17.382,0.0011683690529125101,6.721718173469739e-05
10.2,17.030516046362205,17.032,0.0014839536377948548,8.712738596728833e-05
10.299999999999999,16.68678315603555,16.688,0.0012168439644497653,7.291730371822659e-05
10.399999999999999,16.349507061749303,16.351,0.0014929382506956301,9.130562355180907e-05
10.499999999999998,16.01856481865088,16.02,0.0014351813491195742,8.958685075652773e-05
10.6,15.693836344302936,15.696,0.002163655697064115,0.00013784758518502264
10.7,15.375204330896846,15.377,0.0017956691031546512,0.00011677629597155825
10.799999999999999,15.062554160476672,15.064,0.0014458395233276633,9.597978779392348e-05
10.899999999999999,14.755773823037865,14.758,0.0022261769621341188,0.00015084543719569852
10.999999999999998,14.454753837378862,14.457,0.0022461626211391916,0.00015536851498507238
11.099999999999998,14.159387174595556,14.161,0.0016128254044431856,0.00011389205595954986
11.2,13.869569184119872,13.871,0.0014308158801288329,0.00010315160263346787
11.299999999999999,13.585197522211844,13.587,0.0018024777881553433,0.00013266194069002307
11.399999999999999,13.306172082822313,13.308,0.001827917177687155,0.00013735476237504923
11.499999999999998,13.03239493075027,13.034,0.0016050692497309171,0.0001231447943632743
11.599999999999998,12.763770237023282,12.766,0.0022297629767180638,0.000174664184295634
11.7,12.500204216434716,12.502,0.0017957835652850918,0.0001436397028703481
11.799999999999999,12.241605067174785,12.244,0.0023949328252150792,0.00019560052476438086
11.899999999999999,11.98788291249576,11.99,0.0021170875042404447,0.0001765711012710963
11.999999999999998,11.738949744354073,11.741,0.0020502556459263133,0.00017462359645058456
12.099999999999998,11.494719368974232,11.497,0.0022806310257674767,0.00019836748941180106
12.2,11.25510735428113,11.257,0.0018926457188701562,0.00016813056043974027
12.299999999999999,11.020030979148968,11.022,0.0019690208510318996,0.00017864460633568315
12.399999999999999,10.78940918441575,10.791,0.0015908155842510041,0.0001474205897739787
12.499999999999998,10.563162525613942,10.565,0.001837474386057636,0.00017392090734099725
12.599999999999998,10.341213127367897,10.343,0.001786872632102643,0.00017276154230906341
12.7,10.123484639410119,10.126,0.0025153605898804443,0.0002484061416038361
12.799999999999999,9.909902194168668,9.912,0.0020978058313332326,0.00021164304190206138
12.899999999999999,9.700392365878558,9.7025,0.0021076341214421035,0.00021722588213781018
12.999999999999998,9.49488313117066,9.4969,0.002016868829340268,0.00021237128213841023
13.099999999999998,9.293303831092237,9.2954,0.0020961689077640955,0.00022550604683651003
13.2,9.095585134513469,9.0976,0.002014865486531292,0.0002214721999792574
13.299999999999999,8.90165900287516,8.9037,0.0020409971248405157,0.0002292302216876709
13.399999999999999,8.711458656233127,8.7135,0.0020413437668729273,0.00023427368644895018
13.499999999999998,8.524918540555573,8.527,0.0020814594444260592,0.000244102198243938
13.599999999999998,8.34197429623023,8.344,0.0020257037697692937,0.00024277370203371212
13.7,8.162562727738697,8.1646,0.0020372722613029026,0.00024952505466316815
13.799999999999999,7.986621774456257,7.9887,0.0020782255437428176,0.0002601456486966362
13.899999999999999,7.814090482535831,7.8161,0.002009517464168553,0.00025709976384239623
13.999999999999998,7.644908977836167,7.6469,0.001991022163832845,0.0002603698444902961
14.099999999999998,7.479018439854225,7.481,0.0019815601457748855,0.00026487904635408174
14.2,7.316361076623513,7.3184,0.002038923376486146,0.00027860234156183673
14.299999999999999,7.156880100540414,7.1589,0.0020198994595856945,0.0002821522104772653
14.399999999999999,7.000519705081537,7.0025,0.001980294918463521,0.0002827982746824021
14.499999999999998,6.84722504237629,6.8492,0.0019749576237098054,0.00028834865731907456
14.599999999999998,6.696942201599631,6.6989,0.0019577984003689153,0.0002922566989160781
14.7,6.549618188151092,6.5516,0.0019818118489078884,0.00030249280311799996
14.799999999999999,6.405200903586731,6.4072,0.00199909641326812,0.0003120078057916282
14.899999999999999,6.263639126272425,6.2656,0.001960873727575141,0.00031295865161758504
14.999999999999998,6.1248824927273775,6.1268,0.0019175072726227427,0.0003129704368712448
15.099999999999998,5.988881479627621,5.9908,0.0019185203723788291,0.0003202444368663332
15.199999999999998,5.855587386440944,5.8575,0.0019126135590559201,0.0003265238683834264
15.299999999999999,5.7249523186651095,5.7268,0.0018476813348904386,0.0003226376571366974
15.399999999999999,5.596929171642482,5.5988,0.0018708283575179507,0.0003341480955772578
15.499999999999998,5.471471614925209,5.4733,0.0018283850747913277,0.00033405533677878567
15.599999999999998,5.34853407716597,5.3504,0.001865922834029199,0.00034874454882423726
15.699999999999998,5.228071731510523,5.2299,0.0018282684894765922,0.0003495800090779159
15.799999999999999,5.110040481468907,5.1119,0.0018595185310932294,0.00036376269705847713
15.899999999999999,4.994396947243485,4.9962,0.0018030527565153776,0.00036088482376914004
15.999999999999998,4.881098452492646,4.8829,0.0018015475073545062,0.0003689503179165058
16.099999999999998,4.770103011510035,4.7719,0.0017969884899642352,0.00037657714745997095
16.2,4.661369316800097,4.6631,0.0017306831999031047,0.0003711443460151197
16.3,4.554856727031463,4.5566,0.0017432729685378234,0.00038258196210723416
16.4,4.45052525535067,4.4523,0.001774744649329918,0.0003986129976259277
16.5,4.348335558039458,4.3501,0.0017644419605424844,0.00040560951714730336
16.6,4.248248923499687,4.25,0.0017510765003132533,0.00041201800007370666
16.7,4.150227261550673,4.1519,0.001672738449327582,0.00040288505246455404
16.8,4.054233093024537,4.0559,0.0016669069754629007,0.0004109832529063588
16.9,3.9602295396457263,3.9619,0.0016704603542736507,0.000421631125034365
17.0,3.8681803141817785,3.8698,0.0016196858182215834,0.000418545097478315
17.1,3.7780497108527857,3.7797,0.0016502891472143233,0.00043661908278813747
17.2,3.689802595987866,3.6914,0.0015974040121338184,0.00043273663437552653
17.3,3.603404398917442,3.605,0.0015956010825579625,0.0004426077898912517
17.4,3.5188211030907235,3.5204,0.0015788969092764837,0.000448499292488491
17.5,3.436019237408324,3.4376,0.0015807625916761658,0.000459844831183432
17.6,3.354965867760518,3.3565,0.0015341322394819557,0.00045706308341485343
17.7,3.2756285887620997,3.2772,0.0015714112379003886,0.000479498119705965
17.8,3.1979755156752714,3.1995,0.0015244843247286255,0.00047647580082157384
17.9,3.121975276512515,3.1235,0.0015247234874848914,0.00048814582599164124
18.0,3.047597004311715,3.0491,0.001502995688285047,0.0004929309265963881
18.1,2.9748103295763584,2.9763,0.0014896704236417868,0.0005005108435445979
18.2,2.9035853728738616,2.905,0.0014146271261381571,0.0004869628661405016
18.3,2.8338927375855945,2.8353,0.0014072624144056967,0.0004963363363332616
18.4,2.765703502802404,2.7671,0.0013964971975961582,0.0005046789771226765
18.5,2.6989892163598306,2.7004,0.001410783640169555,0.0005224350615351633
18.6,2.633721888007538,2.6351,0.0013781119924618501,0.0005229828061408865
18.7,2.5698739827076995,2.5712,0.0013260172923006408,0.0005157192331598634
18.8,2.5074184140574145,2.5088,0.0013815859425854171,0.0005506959273698251
18.9,2.4463285378305395,2.4476,0.0012714621694605022,0.0005194730223322855
19.0,2.386578145634428,2.3879,0.0013218543655719728,0.0005535635351446764
19.1,2.3281414586774645,2.3294,0.0012585413225356668,0.0005402856197027847
19.2,2.270993121643389,2.2723,0.0013068783566110298,0.0005751346022140693
19.3,2.215108196668665,2.2164,0.0012918033313349397,0.0005828385360652137
19.4,2.1604621574193486,2.1617,0.0012378425806516269,0.0005726245920579298
19.5,2.107030883264069,2.1082,0.0011691167359311194,0.0005545568427716153
19.6,2.054790653539917,2.056,0.0012093464600830828,0.0005882035311688146
19.7,2.0037181419082533,2.0049,0.001181858091746868,0.0005894848080936047
19.8,1.9537904107974928,1.955,0.0012095892025072441,0.000618715704607286
19.9,1.9049849059302137,1.9061,0.00111509406978616,0.0005850134147138976
20.0,1.857279450931942,1.8584,0.001120549068058141,0.0006029644145814361
