circle_id,point_index,python_x_psi,matlab_x_psi,x_absolute_error_psi,x_relative_error,python_y_psi,matlab_y_psi,y_absolute_error_psi,y_relative_error
circle1,0,2750.0,2750.0,0.0,0.0,0.0,0.0,0.0,0.0
circle1,1,2749.622406787389,2749.6,0.022406787389172678,8.149108011773595e-06,23.795950123550735,23.796,4.987644926401913e-05,2.096001397882801e-06
circle1,2,2748.490007353914,2748.5,0.009992646086175228,3.6356725800164556e-06,47.56793974242338,47.568,6.025757662087017e-05,1.2667670833516265e-06
circle1,3,2746.603941929813,2746.6,0.003941929813208844,1.4352034563492479e-06,71.292032478137,71.292,3.247813700113511e-05,4.555649582160005e-07
circle1,4,2743.9661096230966,2744.0,0.033890376903400465,1.2350720445845651e-05,94.94434018031195,94.944,0.0003401803119515989,3.5829574480914953e-06
circle1,5,2740.5791665072957,2740.6,0.020833492704241507,7.601799862891888e-06,118.50104698001242,118.5,0.0010469800124184303,8.835274366400256e-06
circle1,6,2736.4465229470297,2736.4,0.04652294702964355,1.7001515505643745e-05,141.93843327030766,141.94,0.0015667296923425056,1.1037971624225065e-05
circle1,7,2731.5723401640553,2731.6,0.027659835944632505,1.0125873460474632e-05,165.2328995899055,165.23,0.0028995899054962138,1.7548810176700442e-05
circle1,8,2725.9615260472674,2726.0,0.0384739527326019,1.4113702396405687e-05,188.36099038580943,188.36,0.0009903858094162388,5.257941226461238e-06
circle1,9,2719.619730210873,2719.6,0.01973021087314919,7.254820882905276e-06,211.29941763107226,211.3,0.0005823689277519861,2.7561236523993663e-06
circle1,10,2712.553338305709,2712.6,0.04666169429083311,1.7201833772333964e-05,234.02508427386533,234.03,0.004915726134669285,2.1004683735714586e-05
circle1,11,2704.769465589431,2704.8,0.030534410569089232,1.1288971668548222e-05,256.51510749425154,256.52,0.004892505748443909,1.9072609342132815e-05
circle1,12,2696.2759497620546,2696.3,0.024050237945630215,8.919718853847945e-06,278.74684174524566,278.75,0.0031582547543393957,1.133006189897541e-05
circle1,13,2687.081343074052,2687.1,0.018656925948107528,6.943145379073175e-06,300.6979015549603,300.7,0.002098445039678154,6.978533553967922e-06
circle1,14,2677.194903714966,2677.2,0.005096285033687309,1.903587716153933e-06,322.3461840668787,322.35,0.0038159331213023506,1.1837856743608966e-05
circle1,15,2666.626586491193,2666.6,0.02658649119302936,9.97018345197231e-06,343.6698912955578,343.67,0.00010870444219790443,3.1630471730993227e-07
circle1,16,2655.3870328023386,2655.4,0.01296719766151,4.883331197375159e-06,364.64755207535154,364.65,0.0024479246484361283,6.7130800724972675e-06
circle1,17,2643.487559926233,2643.5,0.01244007376681111,4.705910257919845e-06,385.25804368005475,385.26,0.0019563199452363733,5.0779212615801626e-06
circle1,18,2630.940149623386,2630.9,0.04014962338578698,1.52607941714953e-05,405.48061309169816,405.48,0.0006130916981419432,1.5120146447221643e-06
circle1,19,2617.7574360723747,2617.8,0.04256392762545147,1.6259426856693202e-05,425.29489789707804,425.29,0.004897897078024016,1.1516605323482837e-05
circle1,20,2603.952693148294,2604.0,0.04730685170579818,1.8166993742626028e-05,444.68094679098033,444.68,0.0009467909803220209,2.129151255559101e-06
circle1,21,2589.539821057091,2589.5,0.039821057091103285,1.5377894223249e-05,463.61923966545385,463.62,0.0007603345461575373,1.63999513859958e-06
circle1,22,2574.5333323392333,2574.5,0.03333233923331136,1.2947111762793303e-05,482.09070726490444,482.09,0.0007072649044630452,1.4670806373561893e-06
circle1,23,2558.9483372568156,2558.9,0.04833725681555734,1.8889857679298658e-05,500.07675038721874,500.08,0.0032496127812464692,6.498185852756498e-06
circle1,24,2542.800528578802,2542.8,0.0005285788020046311,2.078727395015853e-07,517.559258611584,517.56,0.0007413884159177542,1.432468536822309e-06
circle1,25,2526.106165779741,2526.1,0.0061657797409679915,2.4408296349978193e-06,534.5206285341472,534.52,0.0006285341472676009,1.175885181597697e-06
circle1,26,2508.8820586678494,2508.9,0.017941332150712697,7.151075033167004e-06,550.94378149315,550.94,0.003781493149972448,6.863711384129756e-06
circle1,27,2491.145550458964,2491.1,0.04555045896404408,1.828527917949664e-05,566.8121807656937,566.81,0.002180765693765352,3.847436872612255e-06
circle1,28,2472.9145003133917,2472.9,0.014500313391636155,5.863687731665718e-06,582.1098482188177,582.11,0.0001517811823532611,2.607431281944325e-07
circle1,29,2454.2072653532496,2454.2,0.007265353249749751,2.96037537680293e-06,596.8213803981241,596.82,0.0013803981240698704,2.312922026858802e-06
circle1,30,2435.0426821783985,2435.0,0.04268217839853605,1.7528615358741704e-05,610.9319640377518,610.93,0.001964037751804426,3.2148327170124667e-06
circle1,31,2415.440047899583,2415.4,0.040047899582987156,1.658023498509032e-05,624.4273909760785,624.43,0.002609023921422704,4.178248837215867e-06
circle1,32,2395.419100707877,2395.4,0.019100707876987144,7.973911612668926e-06,637.2940724621358,637.29,0.004072462135809474,6.390280933028094e-06
circle1,33,2375.0,2375.0,0.0,0.0,649.519052838329,649.52,0.0009471616709788577,1.4582486620563766e-06
circle1,34,2354.203306079512,2354.2,0.0033060795121855335,1.4043324748048313e-06,661.0900225856866,661.09,2.2585686565435026e-05,3.4164314337586445e-08
circle1,35,2333.0499594543307,2333.0,0.049959454330746667,2.1414253892304616e-05,671.9953307185019,672.0,0.004669281498081546,6.948335562621348e-06
circle1,36,2311.5612597514146,2311.6,0.03874024858532721,1.675906237468732e-05,682.2239965158888,682.22,0.003996515888729846,5.858104260692805e-06
circle1,37,2289.758844269846,2289.8,0.04115573015405971,1.797350430345869e-05,691.7657205784361,691.77,0.004279421563865071,6.18619131194627e-06
circle1,38,2267.664666193904,2267.7,0.03533380609587766,1.5581340607610207e-05,700.61089519883,700.61,0.0008951988299941149,1.277742010525278e-06
circle1,39,2245.300972488066,2245.3,0.0009724880655994639,4.331216610695514e-07,708.7506140360014,708.75,0.0006140360013660029,8.663647285587342e-07
circle1,40,2222.690281496206,2222.7,0.009718503793919808,4.3723866441354246e-06,716.1766810830554,716.18,0.0033189169445222433,4.634193840266754e-06
circle1,41,2199.8553602675265,2199.9,0.04463973247356989,2.0291709838433515e-05,722.8816189199565,722.88,0.0016189199565133094,2.2395417725117716e-06
circle1,42,2176.819201632071,2176.8,0.01920163207068981,8.821036416156656e-06,728.8586762426562,728.86,0.0013237573438118488,1.8162024858159988e-06
circle1,43,2153.6050010488934,2153.6,0.0050010488935186,2.3221809498136148e-06,734.101834661084,734.1,0.0018346610839898858,2.4991977714070097e-06
circle1,44,2130.236133250198,2130.2,0.03613325019796321,1.6962374517868372e-05,738.605814759156,738.61,0.004185240843980864,5.666374465524247e-06
circle1,45,2106.7361287049634,2106.7,0.0361287049636303,1.7149430371495848e-05,742.3660814106995,742.37,0.003918589300496933,5.278485526754762e-06
circle1,46,2083.1286499257585,2083.1,0.028649925758600148,1.3753504756660817e-05,745.3788483459406,745.38,0.0011516540594129765,1.5450562926466723e-06
circle1,47,2059.4374676425914,2059.4,0.037467642591309414,1.819347508561203e-05,747.6410819639568,747.64,0.0010819639568353523,1.447172378197197e-06
circle1,48,2035.686436867807,2035.7,0.013563132192984995,6.662638008048826e-06,749.150504387256,749.15,0.0005043872560008822,6.732793913113291e-07
circle1,49,2011.8994728761063,2011.9,0.0005271238937893941,2.6200302887290326e-07,749.9055957554064,749.91,0.004404244593615658,5.873030888527501e-06
circle1,50,1988.1005271238937,1988.1,0.0005271238937893941,2.6513952708082794e-07,749.9055957554064,749.91,0.004404244593615658,5.873030888527501e-06
circle1,51,1964.313563132193,1964.3,0.013563132192984995,6.904817081395405e-06,749.150504387256,749.15,0.0005043872560008822,6.732793913113291e-07
circle1,52,1940.5625323574086,1940.6,0.037467642591309414,1.9307246517216024e-05,747.6410819639568,747.64,0.0010819639568353523,1.447172378197197e-06
circle1,53,1916.8713500742415,1916.9,0.028649925758600148,1.4945967843184384e-05,745.3788483459406,745.38,0.0011516540594129765,1.5450562926466723e-06
circle1,54,1893.2638712950356,1893.3,0.03612870496431242,1.908239843886992e-05,742.3660814106995,742.37,0.003918589300496933,5.278485526754762e-06
circle1,55,1869.7638667498022,1869.8,0.03613325019773583,1.9324660497238117e-05,738.605814759156,738.61,0.004185240843980864,5.666374465524247e-06
circle1,56,1846.3949989511066,1846.4,0.0050010488935186,2.708540345276538e-06,734.101834661084,734.1,0.0018346610839898858,2.4991977714070097e-06
circle1,57,1823.1807983679296,1823.2,0.019201632070462438,1.0531829788537976e-05,728.8586762426562,728.86,0.0013237573438118488,1.8162024858159988e-06
circle1,58,1800.144639732474,1800.1,0.04463973247402464,2.479847368147583e-05,722.8816189199565,722.88,0.0016189199565133094,2.2395417725117716e-06
circle1,59,1777.309718503794,1777.3,0.009718503794147182,5.4681279435926305e-06,716.1766810830554,716.18,0.0033189169445222433,4.634193840266754e-06
circle1,60,1754.6990275119338,1754.7,0.0009724880662815849,5.542189925808314e-07,708.7506140360014,708.75,0.0006140360013660029,8.663647285587342e-07
circle1,61,1732.335333806096,1732.3,0.035333806096105036,2.0397047910930575e-05,700.6108951988301,700.61,0.0008951988301078018,1.2777420106875462e-06
circle1,62,1710.2411557301534,1710.2,0.04115573015337759,2.406486384830873e-05,691.765720578436,691.77,0.004279421563978758,6.186191312110612e-06
circle1,63,1688.4387402485854,1688.4,0.03874024858532721,2.2944947041771623e-05,682.2239965158889,682.22,0.003996515888843533,5.8581042608594476e-06
circle1,64,1666.9500405456693,1667.0,0.049959454330746667,2.9969678662715456e-05,671.9953307185019,672.0,0.004669281498081546,6.948335562621348e-06
circle1,65,1645.796693920488,1645.8,0.00330607951195816,2.0087978563362255e-06,661.0900225856866,661.09,2.2585686565435026e-05,3.4164314337586445e-08
circle1,66,1625.0,1625.0,0.0,0.0,649.519052838329,649.52,0.0009471616709788577,1.4582486620563766e-06
circle1,67,1604.580899292123,1604.6,0.019100707876987144,1.1903719230329767e-05,637.2940724621357,637.29,0.004072462135695787,6.390280932849703e-06
circle1,68,1584.5599521004174,1584.6,0.04004789958253241,2.527319170928462e-05,624.4273909760785,624.43,0.002609023921422704,4.178248837215867e-06
circle1,69,1564.9573178216015,1565.0,0.04268217839853605,2.7272957443154028e-05,610.9319640377518,610.93,0.001964037751804426,3.2148327170124667e-06
circle1,70,1545.79273464675,1545.8,0.0072653532499771245,4.70006032473614e-06,596.821380398124,596.82,0.0013803981239561836,2.3129220266683145e-06
circle1,71,1527.0854996866083,1527.1,0.014500313391636155,9.49532669218529e-06,582.1098482188175,582.11,0.00015178118246694794,2.607431283897338e-07
circle1,72,1508.854449541036,1508.9,0.04555045896404408,3.018785801845323e-05,566.8121807656937,566.81,0.002180765693765352,3.847436872612255e-06
circle1,73,1491.117941332151,1491.1,0.017941332151167444,1.2032279626562567e-05,550.94378149315,550.94,0.003781493149972448,6.863711384129756e-06
circle1,74,1473.8938342202591,1473.9,0.0061657797409679915,4.1833094110645166e-06,534.520628534147,534.52,0.0006285341470402273,1.1758851811723178e-06
circle1,75,1457.1994714211974,1457.2,0.0005285788026867522,3.6273593376801546e-07,517.5592586115839,517.56,0.000741388416031441,1.4324685370419683e-06
circle1,76,1441.051662743184,1441.1,0.048337256816012086,3.3541917157735124e-05,500.07675038721874,500.08,0.0032496127812464692,6.498185852756498e-06
circle1,77,1425.4666676607667,1425.5,0.03333233923331136,2.3382910721368894e-05,482.0907072649046,482.09,0.0007072649046335755,1.4670806377099204e-06
circle1,78,1410.4601789429094,1410.5,0.03982105709064854,2.8231873158914243e-05,463.61923966545385,463.62,0.0007603345461575373,1.63999513859958e-06
circle1,79,1396.0473068517058,1396.0,0.04730685170579818,3.3887429588680644e-05,444.68094679098033,444.68,0.0009467909803220209,2.129151255559101e-06
circle1,80,1382.2425639276253,1382.2,0.042563927625224096,3.079433339981486e-05,425.29489789707816,425.29,0.004897897078137703,1.1516605323750153e-05
circle1,81,1369.0598503766141,1369.1,0.04014962338578698,2.9325559408214875e-05,405.4806130916981,405.48,0.0006130916980850998,1.5120146445819763e-06
circle1,82,1356.5124400737673,1356.5,0.012440073767265858,9.170714166801223e-06,385.25804368005475,385.26,0.0019563199452363733,5.0779212615801626e-06
circle1,83,1344.6129671976614,1344.6,0.01296719766151,9.643907230038673e-06,364.64755207535154,364.65,0.0024479246484361283,6.7130800724972675e-06
circle1,84,1333.3734135088075,1333.4,0.026586491192574613,1.9938871450858416e-05,343.6698912955579,343.67,0.00010870444214106101,3.163047171445311e-07
circle1,85,1322.8050962850339,1322.8,0.005096285033914683,3.852649708130241e-06,322.34618406687855,322.35,0.003815933121472881,1.1837856744137989e-05
circle1,86,1312.9186569259477,1312.9,0.01865692594765278,1.4210469912143178e-05,300.6979015549602,300.7,0.002098445039791841,6.978533554345996e-06
circle1,87,1303.7240502379454,1303.7,0.02405023794540284,1.8447678104934297e-05,278.74684174524566,278.75,0.0031582547543393957,1.133006189897541e-05
circle1,88,1295.230534410569,1295.2,0.03053441056886186,2.357505448491496e-05,256.51510749425165,256.52,0.0048925057483302226,1.9072609341689627e-05
circle1,89,1287.446661694291,1287.4,0.04666169429083311,3.62449077915435e-05,234.02508427386522,234.03,0.004915726134782972,2.1004683736200366e-05
circle1,90,1280.380269789127,1280.4,0.01973021087314919,1.5409411803459223e-05,211.29941763107226,211.3,0.0005823689277519861,2.7561236523993663e-06
circle1,91,1274.0384739527326,1274.0,0.0384739527326019,3.0199334954946548e-05,188.36099038580946,188.36,0.0009903858094446605,5.257941226612128e-06
circle1,92,1268.4276598359447,1268.4,0.027659835944632505,2.1806871605670533e-05,165.2328995899056,165.23,0.0028995899056099006,1.7548810177388494e-05
circle1,93,1263.5534770529698,1263.6,0.046522947030098294,3.68177801757663e-05,141.93843327030757,141.94,0.0015667296924277707,1.1037971624825777e-05
circle1,94,1259.4208334927043,1259.4,0.020833492704241507,1.6542395350358508e-05,118.50104698001242,118.5,0.0010469800124184303,8.835274366400256e-06
circle1,95,1256.0338903769034,1256.0,0.033890376903400465,2.6982784158758333e-05,94.94434018031203,94.944,0.0003401803120226532,3.582957448839876e-06
circle1,96,1253.3960580701864,1253.4,0.003941929813663592,3.1449894795465065e-06,71.29203247813683,71.292,3.2478136830604853e-05,4.5556495582400346e-07
circle1,97,1251.5099926460866,1251.5,0.009992646086629975,7.98453542679183e-06,47.5679397424233,47.568,6.025757669902987e-05,1.2667670849947416e-06
circle1,98,1250.377593212611,1250.4,0.022406787389172678,1.791969560874334e-05,23.795950123550742,23.796,4.98764492569137e-05,2.0960013975842035e-06
circle1,99,1250.0,1250.0,0.0,0.0,9.184850993605149e-14,9.1849e-14,4.900639485108539e-19,4.900639485108539e-19
circle2,0,2250.0,2250.0,0.0,0.0,0.0,0.0,0.0,0.0
circle2,1,2249.7482711915927,2249.7,0.04827119159290305,2.145672382668936e-05,15.863966749033825,15.864,3.325096617601275e-05,2.096001397882801e-06
circle2,2,2248.9933382359422,2249.0,0.006661764057753317,2.9621005147858233e-06,31.711959828282254,31.712,4.017171774606254e-05,1.266767083314283e-06
circle2,3,2247.735961286542,2247.7,0.035961286542260495,1.5999148704124437e-05,47.52802165209133,47.528,2.1652091334090073e-05,4.5556495821600057e-07
circle2,4,2245.977406415398,2246.0,0.022593584601963812,1.0059476670509267e-05,63.296226786874634,63.296,0.00022678687463439928,3.5829574480914953e-06
circle2,5,2243.719444338197,2243.7,0.01944433819699043,8.666193429152932e-06,79.00069798667495,79.001,0.0003020133250544177,3.822905090497812e-06
circle2,6,2240.9643486313535,2241.0,0.035651368646540504,1.590868748172267e-05,94.62562218020511,94.626,0.0003778197948918205,3.992769375138128e-06
circle2,7,2237.714893442703,2237.7,0.014893442703396431,6.655692319522918e-06,110.15526639327032,110.16,0.004733606729672601,4.2970286217071545e-05
circle2,8,2233.9743506981777,2234.0,0.02564930182234093,1.1481334745900148e-05,125.57399359053962,125.57,0.003993590539622005,3.180369944749546e-05
circle2,9,2229.7464868072484,2229.7,0.04648680724858423,2.08489066908482e-05,140.86627842071485,140.87,0.003721579285155485,2.641853684358263e-05
circle2,10,2225.0355588704724,2225.0,0.03555887047241413,1.5981514819062528e-05,156.01672284924356,156.02,0.00327715075644619,2.1004683735714586e-05
circle2,11,2219.8463103929544,2219.8,0.046310392954183044,2.086241686376387e-05,171.01007166283435,171.01,7.166283435822152e-05,4.1905639645764295e-07
circle2,12,2214.183966508036,2214.2,0.016033491963753477,7.241212159585168e-06,185.83122783016378,185.83,0.0012278301637707045,6.607276348117658e-06
circle2,13,2208.054228716035,2208.1,0.04577128396476837,2.0728809367677356e-05,200.46526770330686,200.47,0.0047322966931346855,2.3606009343715696e-05
circle2,14,2201.4632691433108,2201.5,0.03673085668924614,1.668446817590104e-05,214.89745604458582,214.9,0.0025439554141826193,1.1837856743520797e-05
circle2,15,2194.4177243274617,2194.4,0.017724327461564826,8.077072302936942e-06,229.1132608637052,229.11,0.0032608637051794176,1.4232742809914092e-05
circle2,16,2186.924688534892,2186.9,0.024688534891993186,1.1289283868486527e-05,243.09836805023434,243.1,0.0016319497656525073,6.713080072614181e-06
circle2,17,2178.9917066174885,2179.0,0.008293382511510572,3.8060497987657513e-06,256.83869578670317,256.84,0.001304213296805301,5.07792126150639e-06
circle2,18,2170.6267664155903,2170.6,0.02676641559037307,1.2331344140041037e-05,270.3204087277988,270.32,0.0004087277987991911,1.5120146448623524e-06
circle2,19,2161.838290714916,2161.8,0.03829071491600189,1.7712422479416176e-05,283.52993193138536,283.53,6.806861460972868e-05,2.4007552854981374e-07
circle2,20,2152.635128765529,2152.6,0.0351287655289525,1.6319225833388693e-05,296.4539645273202,296.45,0.003964527320192701,1.3373342284340366e-05
circle2,21,2143.0265473713935,2143.0,0.026547371393462527,1.2387947453785593e-05,309.07949311030256,309.08,0.0005068896974194104,1.6399951385382762e-06
circle2,22,2133.0222215594895,2133.0,0.02222155948948057,1.0417983820665995e-05,321.3938048432696,321.39,0.0038048432696200507,1.1838710817449364e-05
circle2,23,2122.6322248378774,2122.6,0.03222483787749297,1.5181776065906424e-05,333.3845002581458,333.38,0.004500258145810676,1.3498884593588926e-05
circle2,24,2111.8670190525354,2111.9,0.0329809474646936,1.5616718341158957e-05,345.039505741056,345.04,0.0004942589440020129,1.4324685369870533e-06
circle2,25,2100.7374438531606,2100.7,0.037443853160766594,1.782446477877212e-05,356.3470856894315,356.35,0.002914310568542078,8.178225251977207e-06
circle2,26,2089.254705778566,2089.3,0.045294221434232895,2.1679137239378208e-05,367.29585432876667,367.3,0.004145671233345638,1.1286880569958176e-05
circle2,27,2077.4303669726423,2077.4,0.030366972642241308,1.4617778300876724e-05,377.8747871771291,377.87,0.004787177129117026,1.2668846770362892e-05
circle2,28,2065.2763335422615,2065.3,0.02366645773872733,1.1459089594115784e-05,388.0732321458784,388.07,0.0032321458784281276,8.328770269353796e-06
circle2,29,2052.8048435688333,2052.8,0.0048435688331665006,2.359493780770898e-06,397.880920265416,397.88,0.0009202654160276325,2.3129220268111806e-06
circle2,30,2040.028454785599,2040.0,0.028454785599024035,1.3948424313247076e-05,407.28797602516784,407.29,0.0020239748321841944,4.969370306622295e-06
circle2,31,2026.9600319330548,2027.0,0.039968066945220926,1.9717842597543625e-05,416.2849273173857,416.28,0.00492731738575003,1.183654604052568e-05
circle2,32,2013.612733805251,2013.6,0.01273380525117318,6.323900104873451e-06,424.8627149747572,424.86,0.00271497475716842,6.390280932938897e-06
circle2,33,2000.0,2000.0,0.0,0.0,433.01270189221935,433.01,0.0027018922193633443,6.239791735441086e-06
circle2,34,1986.1355373863416,1986.1,0.03553738634172987,1.789304986744367e-05,440.72668172379105,440.73,0.003318276208972293,7.529045467683826e-06
circle2,35,1972.0333063028866,1972.0,0.033306302886558115,1.688960592624651e-05,447.9968871456679,448.0,0.0031128543320733115,6.948335562663642e-06
circle2,36,1957.707506500943,1957.7,0.007506500943009087,3.834346908621896e-06,454.8159976772592,454.82,0.004002322740802811,8.7997949536142e-06
circle2,37,1943.1725628465647,1943.2,0.027437153435357686,1.4119572578920177e-05,461.17714705229076,461.18,0.002852947709243381,6.18619131194627e-06
circle2,38,1928.4431107959363,1928.4,0.04311079593617251,2.2355733217264314e-05,467.0739301325533,467.07,0.0039301325533074305,8.414440133828827e-06
circle2,39,1913.5339816587111,1913.5,0.03398165871112724,1.7758901861054215e-05,472.5004093573342,472.5,0.0004093573342061063,8.663647284785319e-07
circle2,40,1898.4601876641373,1898.5,0.03981233586273447,2.097041657241742e-05,477.45112072203693,477.45,0.0011207220369442439,2.3473076488516994e-06
circle2,41,1883.236906845017,1883.2,0.0369068450170289,1.9597942341243044e-05,481.921079279971,481.92,0.001079279971008873,2.2395417725117716e-06
circle2,42,1867.879467754714,1867.9,0.020532245286176476,1.099215444412253e-05,485.90578416177084,485.91,0.00421583822918592,8.676170955909364e-06
circle2,43,1852.403334032595,1852.4,0.0033340325949211547,1.7998448471826574e-06,489.4012231073894,489.4,0.0012231073894213296,2.499197771600592e-06
circle2,44,1836.8240888334653,1836.8,0.024088833465384596,1.311456525772245e-05,492.403876506104,492.4,0.003876506104006694,7.872676896845438e-06
circle2,45,1821.1574191366426,1821.2,0.04258086335744338,2.3380662946103324e-05,494.9107209404663,494.91,0.0007209404662944507,1.4567102428612286e-06
circle2,46,1805.4190999505054,1805.4,0.019099950505278684,1.0579345577311777e-05,496.9192322306271,496.92,0.0007677693729419843,1.545056292646672e-06
circle2,47,1789.6249784283941,1789.6,0.024978428394206276,1.3957548275707575e-05,498.4273879759712,498.43,0.002612024028792348,5.240503237751235e-06
circle2,48,1773.790957911871,1773.8,0.00904208812903562,5.097580408747108e-06,499.433669591504,499.43,0.0036695915039786087,7.3475592254742575e-06
circle2,49,1757.932981917404,1757.9,0.032981917403958505,1.876211240910092e-05,499.9370638369375,499.94,0.00293616306248623,5.873030888679102e-06
circle2,50,1742.067018082596,1742.1,0.032981917403958505,1.8932275646609556e-05,499.9370638369375,499.94,0.00293616306248623,5.873030888679102e-06
circle2,51,1726.209042088129,1726.2,0.00904208812903562,5.238146291875576e-06,499.433669591504,499.43,0.0036695915039786087,7.3475592254742575e-06
circle2,52,1710.3750215716059,1710.4,0.024978428394206276,1.4603851961065408e-05,498.4273879759712,498.43,0.002612024028792348,5.240503237751235e-06
circle2,53,1694.5809000494946,1694.6,0.019099950505278684,1.1271067216616715e-05,496.9192322306271,496.92,0.0007677693729419843,1.545056292646672e-06
circle2,54,1678.8425808633574,1678.8,0.04258086335744338,2.5363869047798057e-05,494.9107209404663,494.91,0.0007209404662944507,1.4567102428612286e-06
circle2,55,1663.1759111665347,1663.2,0.024088833465384596,1.4483425604488093e-05,492.403876506104,492.4,0.003876506104006694,7.872676896845438e-06
circle2,56,1647.5966659674045,1647.6,0.003334032595375902,2.0235691887447817e-06,489.4012231073894,489.4,0.0012231073894213296,2.499197771600592e-06
circle2,57,1632.1205322452865,1632.1,0.020532245286631223,1.2580261801746966e-05,485.90578416177084,485.91,0.00421583822918592,8.676170955909364e-06
circle2,58,1616.7630931549825,1616.8,0.03690684501748365,2.282709365257524e-05,481.921079279971,481.92,0.001079279971008873,2.2395417725117716e-06
circle2,59,1601.5398123358627,1601.5,0.03981233586273447,2.4859404222750216e-05,477.45112072203693,477.45,0.0011207220369442439,2.3473076488516994e-06
circle2,60,1586.4660183412893,1586.5,0.03398165871067249,2.141926171488969e-05,472.5004093573342,472.5,0.0004093573342061063,8.663647284785319e-07
circle2,61,1571.5568892040642,1571.6,0.04311079593571776,2.743115037905177e-05,467.07393013255336,467.07,0.003930132553364274,8.41444013395053e-06
circle2,62,1556.8274371534358,1556.8,0.027437153435812434,1.7624070809232036e-05,461.1771470522907,461.18,0.0028529477093002242,6.186191312069526e-06
circle2,63,1542.292493499057,1542.3,0.007506500943009087,4.86708224276022e-06,454.81599767725925,454.82,0.004002322740745967,8.79979495348922e-06
circle2,64,1527.966693697113,1528.0,0.03330630288701286,2.1797318643333024e-05,447.9968871456679,448.0,0.0031128543320733115,6.948335562663642e-06
circle2,65,1513.8644626136588,1513.9,0.03553738634127512,2.3474064562570262e-05,440.72668172379105,440.73,0.003318276208972293,7.529045467683826e-06
circle2,66,1500.0,1500.0,0.0,0.0,433.0127018922193,433.01,0.002701892219306501,6.23979173530981e-06
circle2,67,1486.387266194749,1486.4,0.01273380525117318,8.566876514513711e-06,424.8627149747571,424.86,0.0027149747571115768,6.390280932805104e-06
circle2,68,1473.0399680669448,1473.0,0.03996806694476618,2.7133786113215328e-05,416.2849273173857,416.28,0.00492731738575003,1.183654604052568e-05
circle2,69,1459.971545214401,1460.0,0.028454785599024035,1.9489579177413724e-05,407.28797602516784,407.29,0.0020239748321841944,4.969370306622295e-06
circle2,70,1447.1951564311667,1447.2,0.004843568833393874,3.3468551916762536e-06,397.88092026541597,397.88,0.000920265415970789,2.3129220266683145e-06
circle2,71,1434.7236664577385,1434.7,0.023666457738499957,1.6495753633860708e-05,388.07323214587836,388.07,0.003232145878371284,8.328770269207318e-06
circle2,72,1422.5696330273577,1422.6,0.030366972642241308,2.1346107579250184e-05,377.8747871771291,377.87,0.004787177129117026,1.2668846770362892e-05
circle2,73,1410.745294221434,1410.7,0.04529422143400552,3.2107621346852994e-05,367.2958543287667,367.3,0.004145671233288795,1.1286880569803415e-05
circle2,74,1399.2625561468394,1399.3,0.03744385316053922,2.6758988894832575e-05,356.34708568943137,356.35,0.0029143105686557647,8.178225252296238e-06
circle2,75,1388.132980947465,1388.1,0.03298094746514835,2.3759777728656687e-05,345.03950574105596,345.04,0.0004942589440588563,1.4324685371517976e-06
circle2,76,1377.3677751621226,1377.4,0.03222483787749297,2.3395410104176688e-05,333.3845002581458,333.38,0.004500258145810676,1.3498884593588926e-05
circle2,77,1366.977778440511,1367.0,0.02222155948902582,1.625571286688063e-05,321.3938048432697,321.39,0.0038048432697337375,1.1838710817803099e-05
circle2,78,1356.973452628606,1357.0,0.026547371393917274,1.9563280319762176e-05,309.07949311030256,309.08,0.0005068896974194104,1.6399951385382762e-06
circle2,79,1347.3648712344707,1347.4,0.035128765529407247,2.607151961511596e-05,296.4539645273202,296.45,0.003964527320192701,1.3373342284340366e-05
circle2,80,1338.1617092850838,1338.2,0.03829071491622926,2.8613596559728935e-05,283.5299319313854,283.53,6.806861455288526e-05,2.400755283493291e-07
circle2,81,1329.3732335844093,1329.4,0.02676641559082782,2.0134207605557258e-05,270.32040872779874,270.32,0.00040872779874234766,1.5120146446520704e-06
circle2,82,1321.0082933825115,1321.0,0.008293382511510572,6.27810939554169e-06,256.83869578670317,256.84,0.001304213296805301,5.07792126150639e-06
circle2,83,1313.0753114651075,1313.1,0.024688534892447933,1.8801717228275023e-05,243.09836805023434,243.1,0.0016319497656525073,6.713080072614181e-06
circle2,84,1305.5822756725383,1305.6,0.017724327461564826,1.3575618460144628e-05,229.11326086370525,229.11,0.003260863705236261,1.4232742810162196e-05
circle2,85,1298.5367308566892,1298.5,0.03673085668924614,2.8287144158064028e-05,214.8974560445857,214.9,0.002543955414296306,1.183785674404982e-05
circle2,86,1291.9457712839653,1291.9,0.04577128396522312,3.542943259170456e-05,200.4652677033068,200.47,0.004732296693191529,2.3606009343999245e-05
circle2,87,1285.816033491964,1285.8,0.01603349196398085,1.2469662438933621e-05,185.83122783016378,185.83,0.0012278301637707045,6.607276348117658e-06
circle2,88,1280.1536896070456,1280.2,0.04631039295441042,3.6174342254655846e-05,171.01007166283443,171.01,7.166283444348664e-05,4.1905639695624027e-07
circle2,89,1274.9644411295271,1275.0,0.035558870472868875,2.7889310174799118e-05,156.01672284924348,156.02,0.003277150756531455,2.1004683736261088e-05
circle2,90,1270.2535131927511,1270.3,0.0464868072488116,3.6595140713856255e-05,140.86627842071485,140.87,0.003721579285155485,2.641853684358263e-05
circle2,91,1266.0256493018219,1266.0,0.025649301821886183,2.026011202360678e-05,125.57399359053964,125.57,0.003993590539650427,3.18036994477218e-05
circle2,92,1262.2851065572963,1262.3,0.014893442703623805,1.1798655393823818e-05,110.15526639327041,110.16,0.004733606729587336,4.297028621629753e-05
circle2,93,1259.0356513686465,1259.0,0.035651368646540504,2.8317210998046468e-05,94.62562218020504,94.626,0.00037781979496287477,3.9927693758890234e-06
circle2,94,1256.2805556618027,1256.3,0.019444338197217803,1.547746413851612e-05,79.00069798667495,79.001,0.0003020133250544177,3.822905090497812e-06
circle2,95,1254.0225935846024,1254.0,0.02259358460241856,1.8017212601609698e-05,63.29622678687469,63.296,0.0002267868746912427,3.5829574489895522e-06
circle2,96,1252.264038713458,1252.3,0.03596128654203312,2.871619144137437e-05,47.52802165209122,47.528,2.1652091220403236e-05,4.5556495582400346e-07
circle2,97,1251.0066617640578,1251.0,0.006661764057753317,5.325151125302411e-06,31.711959828282197,31.712,4.017171780290596e-05,1.2667670851067721e-06
circle2,98,1250.2517288084073,1250.3,0.04827119159267568,3.860768742915755e-05,15.863966749033828,15.864,3.325096617246004e-05,2.0960013976588525e-06
circle2,99,1250.0,1250.0,0.0,0.0,6.123233995736766e-14,6.1232e-14,3.3995736766141375e-19,3.3995736766141375e-19
circle3,0,2750.0,2750.0,0.0,0.0,0.0,0.0,0.0,0.0
circle3,1,2749.8741355957964,2749.9,0.025864404203730373,9.405579913353348e-06,7.931983374516912,7.932,1.6625483088006376e-05,2.096001397882801e-06
circle3,2,2749.4966691179707,2749.5,0.0033308820293314056,1.211450092500966e-06,15.855979914141127,15.856,2.008585887303127e-05,1.266767083314283e-06
circle3,3,2748.867980643271,2748.9,0.03201935672905165,1.1648061671596511e-05,23.764010826045666,23.764,1.0826045667045037e-05,4.5556495821600057e-07
circle3,4,2747.9887032076986,2748.0,0.011296792301436653,4.1109142290526394e-06,31.648113393437317,31.648,0.00011339343731719964,3.5829574480914953e-06
circle3,5,2746.859722169099,2746.9,0.04027783090123194,1.46630131789406e-05,39.500348993337475,39.5,0.0003489933374751786,8.835274366460218e-06
circle3,6,2745.4821743156763,2745.5,0.017825684323725,6.492691430968858e-06,47.31281109010256,47.313,0.00018890989744591025,3.992769375138128e-06
circle3,7,2743.857446721352,2743.9,0.042553278648028936,1.5508319781343683e-05,55.07763319663516,55.078,0.0003668033648409619,6.659707412051307e-06
circle3,8,2741.987175349089,2742.0,0.012824650911170465,4.677115576648601e-06,62.78699679526981,62.787,3.2047301914417403e-06,5.104130140700687e-08
circle3,9,2739.8732434036247,2739.9,0.026756596375435038,9.765537565398386e-06,70.43313921035742,70.433,0.00013921035741759624,1.97649336841532e-06
circle3,10,2737.5177794352367,2737.5,0.01777943523666181,6.494770862707511e-06,78.00836142462178,78.008,0.00036142462178645474,4.633173799949425e-06
circle3,11,2734.9231551964767,2734.9,0.023155196476636775,8.466560560399566e-06,85.50503583141717,85.505,3.583141717911076e-05,4.1905639645764295e-07
circle3,12,2732.0919832540185,2732.1,0.008016745981421991,2.9342798511847996e-06,92.91561391508189,92.916,0.00038608491810521173,4.1552038196350655e-06
circle3,13,2729.0271143580176,2729.0,0.02711435801757034,9.935638701931234e-06,100.23263385165343,100.23,0.00263385165342811,2.6278076957279353e-05
circle3,14,2725.7316345716554,2725.7,0.03163457165555883,1.160603575432323e-05,107.44872802229291,107.45,0.0012719777070913096,1.1837856743520797e-05
circle3,15,2722.2088621637313,2722.2,0.008862163731464534,3.255515293315897e-06,114.5566304318526,114.56,0.0033695681474057437,2.941312977833226e-05
circle3,16,2718.4623442674465,2718.5,0.037655732553503185,1.3851658103183074e-05,121.54918402511717,121.55,0.0008159748828262536,6.713080072614181e-06
circle3,17,2714.4958533087447,2714.5,0.004146691255300539,1.5276077566036244e-06,128.41934789335158,128.42,0.0006521066484026505,5.07792126150639e-06
circle3,18,2710.3133832077956,2710.3,0.01338320779541391,4.937906429330299e-06,135.1602043638994,135.16,0.00020436389939959554,1.5120146448623524e-06
circle3,19,2705.9191453574585,2705.9,0.019145357458455692,7.0754120471767955e-06,141.76496596569268,141.76,0.004965965692690588,3.503079636491668e-05
circle3,20,2701.3175643827644,2701.3,0.017564382764248876,6.50219626263239e-06,148.2269822636601,148.23,0.003017736339899102,2.035847223840722e-05
circle3,21,2696.5132736856967,2696.5,0.013273685696731263,4.92256098525172e-06,154.53974655515128,154.54,0.0002534448487097052,1.6399951385382762e-06
circle3,22,2691.5111107797447,2691.5,0.011110779744740285,4.128099477889758e-06,160.6969024216348,160.7,0.003097578365185427,1.927553431975997e-05
circle3,23,2686.3161124189382,2686.3,0.016112418938064366,5.99799684996626e-06,166.6922501290729,166.69,0.002250129072905338,1.3498884593588926e-05
circle3,24,2680.9335095262677,2680.9,0.033509526267607725,1.2499357032193564e-05,172.519752870528,172.52,0.00024712947200100643,1.4324685369870533e-06
circle3,25,2675.3687219265803,2675.4,0.0312780734197986,1.1690989541675488e-05,178.17354284471574,178.17,0.0035428447157528353,1.9884631058836143e-05
circle3,26,2669.6273528892834,2669.6,0.0273528892835202,1.0246062812226625e-05,183.64792716438333,183.65,0.002072835616672819,1.1286880569958176e-05
circle3,27,2663.7151834863216,2663.7,0.015183486321802775,5.70014878620069e-06,188.93739358856456,188.94,0.0026064114354369394,1.3794916033856989e-05
circle3,28,2657.6381667711303,2657.6,0.038166771130363486,1.4361367824489573e-05,194.0366160729392,194.04,0.0033839270607813887,1.7439327256139915e-05
circle3,29,2651.402421784416,2651.4,0.002421784416128503,9.133983616687421e-07,198.940460132708,198.94,0.00046013270801381623,2.3129220268111806e-06
circle3,30,2645.0142273927995,2645.0,0.014227392799512018,5.378976483747455e-06,203.64398801258392,203.64,0.003988012583931777,1.95836406596532e-05
circle3,31,2638.4800159665274,2638.5,0.019984033472610463,7.57401306523042e-06,208.14246365869286,208.14,0.002463658692875015,1.183654604052568e-05
circle3,32,2631.806366902626,2631.8,0.006366902625813964,2.419219783347505e-06,212.4313574873786,212.43,0.00135748737858421,6.390280932938897e-06
circle3,33,2625.0,2625.0,0.0,0.0,216.50635094610968,216.51,0.0036490538903137804,1.6853973905656922e-05
circle3,34,2618.0677686931704,2618.1,0.03223130682954434,1.2310953298019304e-05,220.36334086189552,220.36,0.003340861895509306,1.5160927098880495e-05
circle3,35,2611.0166531514433,2611.0,0.016653151443279057,6.378074087812737e-06,223.99844357283396,224.0,0.0015564271660366558,6.948335562663642e-06
circle3,36,2603.8537532504715,2603.9,0.04624674952856367,1.776057050138779e-05,227.4079988386296,227.41,0.0020011613704014053,8.7997949536142e-06
circle3,37,2596.5862814232823,2596.6,0.013718576717565156,5.283284571195084e-06,230.58857352614538,230.59,0.0014264738546216904,6.18619131194627e-06
circle3,38,2589.2215553979677,2589.2,0.02155539796785888,8.325118943248448e-06,233.53696506627665,233.54,0.0030349337233417373,1.2995348648376027e-05
circle3,39,2581.7669908293556,2581.8,0.03300917064461828,1.2785332188635168e-05,236.2502046786671,236.25,0.00020467866710305316,8.663647284785319e-07
circle3,40,2574.2300938320686,2574.2,0.030093832068814663,1.1690557093005465e-05,238.72556036101847,238.73,0.004439638981523331,1.859690437533335e-05
circle3,41,2566.6184534225085,2566.6,0.018453422508628137,7.189831882111797e-06,240.9605396399855,240.96,0.0005396399855044365,2.2395417725117716e-06
circle3,42,2558.939733877357,2558.9,0.03973387735686629,1.5527717908814836e-05,242.95289208088542,242.95,0.0028920808854309143,1.1904016815932967e-05
circle3,43,2551.2016670162975,2551.2,0.001667016297687951,6.534243876167887e-07,244.7006115536947,244.7,0.0006115536947106648,2.499197771600592e-06
circle3,44,2543.412044416733,2543.4,0.012044416732805985,4.735557416374138e-06,246.201938253052,246.2,0.001938253052003347,7.872676896845438e-06
circle3,45,2535.578709568321,2535.6,0.02129043167906275,8.39660501619449e-06,247.45536047023316,247.46,0.004639529766848227,1.8748604893106874e-05
circle3,46,2527.709549975253,2527.7,0.009549975253321463,3.7781284382329645e-06,248.45961611531354,248.46,0.00038388468647099216,1.545056292646672e-06
circle3,47,2519.812489214197,2519.8,0.01248921419664839,4.956430747141991e-06,249.2136939879856,249.21,0.0036939879855992785,1.4822791965006534e-05
circle3,48,2511.8954789559357,2511.9,0.004521044064404123,1.7998503381520453e-06,249.716834795752,249.72,0.003165204248006148,1.2675013006591977e-05
circle3,49,2503.966490958702,2504.0,0.033509041298202646,1.3382204991294987e-05,249.96853191846876,249.97,0.001468081531243115,5.873030888679102e-06
circle3,50,2496.033509041298,2496.0,0.033509041298202646,1.3425096673959393e-05,249.96853191846876,249.97,0.001468081531243115,5.873030888679102e-06
circle3,51,2488.1045210440643,2488.1,0.004521044064404123,1.817066864034453e-06,249.716834795752,249.72,0.003165204248006148,1.2675013006591977e-05
circle3,52,2480.187510785803,2480.2,0.01248921419664839,5.035567372247558e-06,249.2136939879856,249.21,0.0036939879855992785,1.4822791965006534e-05
circle3,53,2472.290450024747,2472.3,0.009549975253321463,3.862789812450537e-06,248.45961611531354,248.46,0.00038388468647099216,1.545056292646672e-06
circle3,54,2464.4212904316782,2464.4,0.021290431678153254,8.639194805288611e-06,247.45536047023316,247.46,0.004639529766848227,1.8748604893106874e-05
circle3,55,2456.587955583267,2456.6,0.012044416732805985,4.9028807021110416e-06,246.201938253052,246.2,0.001938253052003347,7.872676896845438e-06
circle3,56,2448.7983329837025,2448.8,0.001667016297687951,6.807482430937402e-07,244.7006115536947,244.7,0.0006115536947106648,2.499197771600592e-06
circle3,57,2441.060266122643,2441.1,0.03973387735686629,1.627703795701376e-05,242.95289208088542,242.95,0.0028920808854309143,1.1904016815932967e-05
circle3,58,2433.3815465774915,2433.4,0.018453422508628137,7.583390527093012e-06,240.9605396399855,240.96,0.0005396399855044365,2.2395417725117716e-06
circle3,59,2425.7699061679314,2425.8,0.030093832068814663,1.2405735043620521e-05,238.72556036101847,238.73,0.004439638981523331,1.859690437533335e-05
circle3,60,2418.2330091706444,2418.2,0.03300917064461828,1.3650306279306213e-05,236.2502046786671,236.25,0.00020467866710305316,8.663647284785319e-07
circle3,61,2410.7784446020323,2410.8,0.02155539796785888,8.941180507656744e-06,233.53696506627668,233.54,0.0030349337233133156,1.2995348648254327e-05
circle3,62,2403.4137185767177,2403.4,0.013718576717565156,5.707987316953131e-06,230.58857352614535,230.59,0.0014264738546501121,6.186191312069526e-06
circle3,63,2396.1462467495285,2396.1,0.04624674952856367,1.9300842839849618e-05,227.40799883862962,227.41,0.0020011613703729836,8.79979495348922e-06
circle3,64,2388.9833468485567,2389.0,0.016653151443279057,6.970762429166621e-06,223.99844357283396,224.0,0.0015564271660366558,6.948335562663642e-06
circle3,65,2381.9322313068296,2381.9,0.03223130682954434,1.3531763226644416e-05,220.36334086189552,220.36,0.003340861895509306,1.5160927098880495e-05
circle3,66,2375.0,2375.0,0.0,0.0,216.50635094610965,216.51,0.003649053890342202,1.6853973905788195e-05
circle3,67,2368.193633097374,2368.2,0.006366902625813964,2.6884987018891834e-06,212.43135748737856,212.43,0.0013574873785557884,6.390280932805104e-06
circle3,68,2361.5199840334726,2361.5,0.019984033472610463,8.462432128990244e-06,208.14246365869286,208.14,0.002463658692875015,1.183654604052568e-05
circle3,69,2354.9857726072005,2355.0,0.014227392799512018,6.041355753508288e-06,203.64398801258392,203.64,0.003988012583931777,1.95836406596532e-05
circle3,70,2348.597578215583,2348.6,0.0024217844170379976,1.0311608690445362e-06,198.94046013270798,198.94,0.0004601327079853945,2.3129220266683145e-06
circle3,71,2342.3618332288697,2342.4,0.038166771130363486,1.629387428721119e-05,194.03661607293918,194.04,0.0033839270608098104,1.7439327256286388e-05
circle3,72,2336.2848165136784,2336.3,0.015183486321802775,6.49894547866403e-06,188.93739358856456,188.94,0.0026064114354369394,1.3794916033856989e-05
circle3,73,2330.3726471107166,2330.4,0.0273528892835202,1.1737422452591915e-05,183.64792716438336,183.65,0.0020728356166443973,1.1286880569803415e-05
circle3,74,2324.6312780734197,2324.6,0.0312780734197986,1.3455249685880841e-05,178.17354284471568,178.17,0.003542844715695992,1.9884631058517103e-05
circle3,75,2319.0664904737323,2319.1,0.033509526267607725,1.4449366680008505e-05,172.51975287052798,172.52,0.00024712947202942814,1.4324685371517976e-06
circle3,76,2313.6838875810618,2313.7,0.016112418938064366,6.963918804540073e-06,166.6922501290729,166.69,0.002250129072905338,1.3498884593588926e-05
circle3,77,2308.4888892202553,2308.5,0.011110779744740285,4.812986677383705e-06,160.69690242163486,160.7,0.0030975783651285838,1.9275534319406246e-05
circle3,78,2303.4867263143033,2303.5,0.013273685696731263,5.762398826451601e-06,154.53974655515128,154.54,0.0002534448487097052,1.6399951385382762e-06
circle3,79,2298.6824356172356,2298.7,0.017564382764248876,7.641006988406002e-06,148.2269822636601,148.23,0.003017736339899102,2.035847223840722e-05
circle3,80,2294.0808546425415,2294.1,0.019145357458455692,8.34547642145316e-06,141.7649659656927,141.76,0.00496596569271901,3.503079636511717e-05
circle3,81,2289.6866167922044,2289.7,0.01338320779541391,5.844961259297686e-06,135.16020436389937,135.16,0.00020436389937117383,1.5120146446520704e-06
circle3,82,2285.5041466912553,2285.5,0.004146691255300539,1.8143475192739176e-06,128.41934789335158,128.42,0.0006521066484026505,5.07792126150639e-06
circle3,83,2281.5376557325535,2281.5,0.037655732553503185,1.650481374249537e-05,121.54918402511717,121.55,0.0008159748828262536,6.713080072614181e-06
circle3,84,2277.7911378362696,2277.8,0.00886216373055504,3.890668070311282e-06,114.55663043185262,114.56,0.003369568147377322,2.9413129778084164e-05
circle3,85,2274.2683654283446,2274.3,0.03163457165555883,1.3909586094868235e-05,107.44872802229285,107.45,0.001271977707148153,1.183785674404982e-05
circle3,86,2270.9728856419824,2271.0,0.02711435801757034,1.1939391465244535e-05,100.2326338516534,100.23,0.002633851653399688,2.627807695699579e-05
circle3,87,2267.9080167459815,2267.9,0.008016745981421991,3.5348763091062177e-06,92.91561391508189,92.916,0.00038608491810521173,4.1552038196350655e-06
circle3,88,2265.0768448035233,2265.1,0.023155196476636775,1.0222593473416969e-05,85.50503583141722,85.505,3.583141722174332e-05,4.1905639695624027e-07
circle3,89,2262.4822205647633,2262.5,0.01777943523666181,7.858313916756601e-06,78.00836142462174,78.008,0.00036142462174382217,4.63317379940291e-06
circle3,90,2260.1267565963753,2260.1,0.026756596375435038,1.1838678100719011e-05,70.43313921035742,70.433,0.00013921035741759624,1.97649336841532e-06
circle3,91,2258.012824650911,2258.0,0.012824650911170465,5.679650536390817e-06,62.78699679526982,62.787,3.2047301772308856e-06,5.1041301180672525e-08
circle3,92,2256.142553278648,2256.1,0.042553278648028936,1.8861432847847586e-05,55.077633196635205,55.078,0.0003668033647983293,6.659707411277267e-06
circle3,93,2254.5178256843237,2254.5,0.017825684323725,7.906712940219561e-06,47.31281109010252,47.313,0.00018890989748143738,3.9927693758890234e-06
circle3,94,2253.140277830901,2253.1,0.04027783090123194,1.787662815730857e-05,39.500348993337475,39.5,0.0003489933374751786,8.835274366460218e-06
circle3,95,2252.0112967923014,2252.0,0.011296792301436653,5.016337611650379e-06,31.648113393437345,31.648,0.00011339343734562135,3.5829574489895522e-06
circle3,96,2251.132019356729,2251.1,0.03201935672905165,1.4223871320266381e-05,23.76401082604561,23.764,1.0826045610201618e-05,4.5556495582400346e-07
circle3,97,2250.5033308820293,2250.5,0.0033308820293314056,1.4800631101228196e-06,15.855979914141098,15.856,2.008585890145298e-05,1.2667670851067721e-06
circle3,98,2250.1258644042036,2250.1,0.025864404203730373,1.1494779878107806e-05,7.931983374516914,7.932,1.662548308623002e-05,2.0960013976588525e-06
circle3,99,2250.0,2250.0,0.0,0.0,3.061616997868383e-14,3.0616e-14,1.6997868383070687e-19,1.6997868383070687e-19
